model,variable,common_member,hist_member,ssp_member
BCC-CSM2-MR,tas,r1i1p1f1,/gws/nopw/j04/canari/users/benhutch/historical/tas/BCC-CSM2-MR/regrid/tas_Amon_BCC-CSM2-MR_historical_r1i1p1f1_gn_185001-201412.nc_global_regrid.nc,/badc/cmip6/data/CMIP6/ScenarioMIP/BCC/BCC-CSM2-MR/ssp245/r1i1p1f1/Amon/tas/gn/files/d20190314/tas_Amon_BCC-CSM2-MR_ssp245_r1i1p1f1_gn_201501-210012.nc
MPI-ESM1-2-HR,tas,r1i1p1f1,/gws/nopw/j04/canari/users/benhutch/historical/tas/MPI-ESM1-2-HR/regrid/tas_Amon_MPI-ESM1-2-HR_historical_r1i1p1f1_g?_1850-2014.nc_global_regrid.nc,/badc/cmip6/data/CMIP6/ScenarioMIP/DKRZ/MPI-ESM1-2-HR/ssp245/r1i1p1f1/Amon/tas/gn/files/d20190710/tas_Amon_MPI-ESM1-2-HR_ssp245_r1i1p1f1_gn_201501-201912.nc
MPI-ESM1-2-HR,tas,r2i1p1f1,/gws/nopw/j04/canari/users/benhutch/historical/tas/MPI-ESM1-2-HR/regrid/tas_Amon_MPI-ESM1-2-HR_historical_r2i1p1f1_g?_1850-2014.nc_global_regrid.nc,/badc/cmip6/data/CMIP6/ScenarioMIP/DKRZ/MPI-ESM1-2-HR/ssp245/r2i1p1f1/Amon/tas/gn/files/d20190710/tas_Amon_MPI-ESM1-2-HR_ssp245_r2i1p1f1_gn_201501-201912.nc
CanESM5,tas,r12i1p2f1,/gws/nopw/j04/canari/users/benhutch/historical/tas/CanESM5/regrid/tas_Amon_CanESM5_historical_r12i1p2f1_gn_185001-201412.nc_global_regrid.nc,/badc/cmip6/data/CMIP6/ScenarioMIP/CCCma/CanESM5/ssp245/r12i1p2f1/Amon/tas/gn/files/d20190429/tas_Amon_CanESM5_ssp245_r12i1p2f1_gn_201501-210012.nc
CanESM5,tas,r11i1p2f1,/gws/nopw/j04/canari/users/benhutch/historical/tas/CanESM5/regrid/tas_Amon_CanESM5_historical_r11i1p2f1_gn_185001-201412.nc_global_regrid.nc,/badc/cmip6/data/CMIP6/ScenarioMIP/CCCma/CanESM5/ssp245/r11i1p2f1/Amon/tas/gn/files/d20190429/tas_Amon_CanESM5_ssp245_r11i1p2f1_gn_201501-210012.nc
CanESM5,tas,r17i1p1f1,/gws/nopw/j04/canari/users/benhutch/historical/tas/CanESM5/regrid/tas_Amon_CanESM5_historical_r17i1p1f1_gn_185001-201412.nc_global_regrid.nc,/badc/cmip6/data/CMIP6/ScenarioMIP/CCCma/CanESM5/ssp245/r17i1p1f1/Amon/tas/gn/files/d20190429/tas_Amon_CanESM5_ssp245_r17i1p1f1_gn_201501-210012.nc
CanESM5,tas,r22i1p2f1,/gws/nopw/j04/canari/users/benhutch/historical/tas/CanESM5/regrid/tas_Amon_CanESM5_historical_r22i1p2f1_gn_185001-201412.nc_global_regrid.nc,/badc/cmip6/data/CMIP6/ScenarioMIP/CCCma/CanESM5/ssp245/r22i1p2f1/Amon/tas/gn/files/d20190429/tas_Amon_CanESM5_ssp245_r22i1p2f1_gn_201501-210012.nc
CanESM5,tas,r10i1p1f1,/gws/nopw/j04/canari/users/benhutch/historical/tas/CanESM5/regrid/tas_Amon_CanESM5_historical_r10i1p1f1_gn_185001-201412.nc_global_regrid.nc,/badc/cmip6/data/CMIP6/ScenarioMIP/CCCma/CanESM5/ssp245/r10i1p1f1/Amon/tas/gn/files/d20190429/tas_Amon_CanESM5_ssp245_r10i1p1f1_gn_201501-210012.nc
CanESM5,tas,r8i1p2f1,/gws/nopw/j04/canari/users/benhutch/historical/tas/CanESM5/regrid/tas_Amon_CanESM5_historical_r8i1p2f1_gn_185001-201412.nc_global_regrid.nc,/badc/cmip6/data/CMIP6/ScenarioMIP/CCCma/CanESM5/ssp245/r8i1p2f1/Amon/tas/gn/files/d20190429/tas_Amon_CanESM5_ssp245_r8i1p2f1_gn_201501-210012.nc
CanESM5,tas,r15i1p2f1,/gws/nopw/j04/canari/users/benhutch/historical/tas/CanESM5/regrid/tas_Amon_CanESM5_historical_r15i1p2f1_gn_185001-201412.nc_global_regrid.nc,/badc/cmip6/data/CMIP6/ScenarioMIP/CCCma/CanESM5/ssp245/r15i1p2f1/Amon/tas/gn/files/d20190429/tas_Amon_CanESM5_ssp245_r15i1p2f1_gn_201501-210012.nc
CanESM5,tas,r22i1p1f1,/gws/nopw/j04/canari/users/benhutch/historical/tas/CanESM5/regrid/tas_Amon_CanESM5_historical_r22i1p1f1_gn_185001-201412.nc_global_regrid.nc,/badc/cmip6/data/CMIP6/ScenarioMIP/CCCma/CanESM5/ssp245/r22i1p1f1/Amon/tas/gn/files/d20190429/tas_Amon_CanESM5_ssp245_r22i1p1f1_gn_201501-210012.nc
CanESM5,tas,r25i1p1f1,/gws/nopw/j04/canari/users/benhutch/historical/tas/CanESM5/regrid/tas_Amon_CanESM5_historical_r25i1p1f1_gn_185001-201412.nc_global_regrid.nc,/badc/cmip6/data/CMIP6/ScenarioMIP/CCCma/CanESM5/ssp245/r25i1p1f1/Amon/tas/gn/files/d20190429/tas_Amon_CanESM5_ssp245_r25i1p1f1_gn_201501-210012.nc
CanESM5,tas,r24i1p2f1,/gws/nopw/j04/canari/users/benhutch/historical/tas/CanESM5/regrid/tas_Amon_CanESM5_historical_r24i1p2f1_gn_185001-201412.nc_global_regrid.nc,/badc/cmip6/data/CMIP6/ScenarioMIP/CCCma/CanESM5/ssp245/r24i1p2f1/Amon/tas/gn/files/d20190429/tas_Amon_CanESM5_ssp245_r24i1p2f1_gn_201501-210012.nc
CanESM5,tas,r7i1p1f1,/gws/nopw/j04/canari/users/benhutch/historical/tas/CanESM5/regrid/tas_Amon_CanESM5_historical_r7i1p1f1_gn_185001-201412.nc_global_regrid.nc,/badc/cmip6/data/CMIP6/ScenarioMIP/CCCma/CanESM5/ssp245/r7i1p1f1/Amon/tas/gn/files/d20190429/tas_Amon_CanESM5_ssp245_r7i1p1f1_gn_201501-210012.nc
CanESM5,tas,r16i1p1f1,/gws/nopw/j04/canari/users/benhutch/historical/tas/CanESM5/regrid/tas_Amon_CanESM5_historical_r16i1p1f1_gn_185001-201412.nc_global_regrid.nc,/badc/cmip6/data/CMIP6/ScenarioMIP/CCCma/CanESM5/ssp245/r16i1p1f1/Amon/tas/gn/files/d20190429/tas_Amon_CanESM5_ssp245_r16i1p1f1_gn_201501-210012.nc
CanESM5,tas,r15i1p1f1,/gws/nopw/j04/canari/users/benhutch/historical/tas/CanESM5/regrid/tas_Amon_CanESM5_historical_r15i1p1f1_gn_185001-201412.nc_global_regrid.nc,/badc/cmip6/data/CMIP6/ScenarioMIP/CCCma/CanESM5/ssp245/r15i1p1f1/Amon/tas/gn/files/d20190429/tas_Amon_CanESM5_ssp245_r15i1p1f1_gn_201501-210012.nc
CanESM5,tas,r21i1p2f1,/gws/nopw/j04/canari/users/benhutch/historical/tas/CanESM5/regrid/tas_Amon_CanESM5_historical_r21i1p2f1_gn_185001-201412.nc_global_regrid.nc,/badc/cmip6/data/CMIP6/ScenarioMIP/CCCma/CanESM5/ssp245/r21i1p2f1/Amon/tas/gn/files/d20190429/tas_Amon_CanESM5_ssp245_r21i1p2f1_gn_201501-210012.nc
CanESM5,tas,r25i1p2f1,/gws/nopw/j04/canari/users/benhutch/historical/tas/CanESM5/regrid/tas_Amon_CanESM5_historical_r25i1p2f1_gn_185001-201412.nc_global_regrid.nc,/badc/cmip6/data/CMIP6/ScenarioMIP/CCCma/CanESM5/ssp245/r25i1p2f1/Amon/tas/gn/files/d20190429/tas_Amon_CanESM5_ssp245_r25i1p2f1_gn_201501-210012.nc
CanESM5,tas,r13i1p1f1,/gws/nopw/j04/canari/users/benhutch/historical/tas/CanESM5/regrid/tas_Amon_CanESM5_historical_r13i1p1f1_gn_185001-201412.nc_global_regrid.nc,/badc/cmip6/data/CMIP6/ScenarioMIP/CCCma/CanESM5/ssp245/r13i1p1f1/Amon/tas/gn/files/d20190429/tas_Amon_CanESM5_ssp245_r13i1p1f1_gn_201501-210012.nc
CanESM5,tas,r3i1p1f1,/gws/nopw/j04/canari/users/benhutch/historical/tas/CanESM5/regrid/tas_Amon_CanESM5_historical_r3i1p1f1_gn_185001-201412.nc_global_regrid.nc,/badc/cmip6/data/CMIP6/ScenarioMIP/CCCma/CanESM5/ssp245/r3i1p1f1/Amon/tas/gn/files/d20190429/tas_Amon_CanESM5_ssp245_r3i1p1f1_gn_201501-210012.nc
CanESM5,tas,r14i1p2f1,/gws/nopw/j04/canari/users/benhutch/historical/tas/CanESM5/regrid/tas_Amon_CanESM5_historical_r14i1p2f1_gn_185001-201412.nc_global_regrid.nc,/badc/cmip6/data/CMIP6/ScenarioMIP/CCCma/CanESM5/ssp245/r14i1p2f1/Amon/tas/gn/files/d20190429/tas_Amon_CanESM5_ssp245_r14i1p2f1_gn_201501-210012.nc
CanESM5,tas,r19i1p2f1,/gws/nopw/j04/canari/users/benhutch/historical/tas/CanESM5/regrid/tas_Amon_CanESM5_historical_r19i1p2f1_gn_185001-201412.nc_global_regrid.nc,/badc/cmip6/data/CMIP6/ScenarioMIP/CCCma/CanESM5/ssp245/r19i1p2f1/Amon/tas/gn/files/d20190429/tas_Amon_CanESM5_ssp245_r19i1p2f1_gn_201501-210012.nc
CanESM5,tas,r2i1p2f1,/gws/nopw/j04/canari/users/benhutch/historical/tas/CanESM5/regrid/tas_Amon_CanESM5_historical_r2i1p2f1_gn_185001-201412.nc_global_regrid.nc,/badc/cmip6/data/CMIP6/ScenarioMIP/CCCma/CanESM5/ssp245/r2i1p2f1/Amon/tas/gn/files/d20190429/tas_Amon_CanESM5_ssp245_r2i1p2f1_gn_201501-210012.nc
CanESM5,tas,r18i1p2f1,/gws/nopw/j04/canari/users/benhutch/historical/tas/CanESM5/regrid/tas_Amon_CanESM5_historical_r18i1p2f1_gn_185001-201412.nc_global_regrid.nc,/badc/cmip6/data/CMIP6/ScenarioMIP/CCCma/CanESM5/ssp245/r18i1p2f1/Amon/tas/gn/files/d20190429/tas_Amon_CanESM5_ssp245_r18i1p2f1_gn_201501-210012.nc
CanESM5,tas,r18i1p1f1,/gws/nopw/j04/canari/users/benhutch/historical/tas/CanESM5/regrid/tas_Amon_CanESM5_historical_r18i1p1f1_gn_185001-201412.nc_global_regrid.nc,/badc/cmip6/data/CMIP6/ScenarioMIP/CCCma/CanESM5/ssp245/r18i1p1f1/Amon/tas/gn/files/d20190429/tas_Amon_CanESM5_ssp245_r18i1p1f1_gn_201501-210012.nc
CanESM5,tas,r1i1p2f1,/gws/nopw/j04/canari/users/benhutch/historical/tas/CanESM5/regrid/tas_Amon_CanESM5_historical_r1i1p2f1_gn_185001-201412.nc_global_regrid.nc,/badc/cmip6/data/CMIP6/ScenarioMIP/CCCma/CanESM5/ssp245/r1i1p2f1/Amon/tas/gn/files/d20190429/tas_Amon_CanESM5_ssp245_r1i1p2f1_gn_201501-210012.nc
CanESM5,tas,r12i1p1f1,/gws/nopw/j04/canari/users/benhutch/historical/tas/CanESM5/regrid/tas_Amon_CanESM5_historical_r12i1p1f1_gn_185001-201412.nc_global_regrid.nc,/badc/cmip6/data/CMIP6/ScenarioMIP/CCCma/CanESM5/ssp245/r12i1p1f1/Amon/tas/gn/files/d20190429/tas_Amon_CanESM5_ssp245_r12i1p1f1_gn_201501-210012.nc
CanESM5,tas,r4i1p1f1,/gws/nopw/j04/canari/users/benhutch/historical/tas/CanESM5/regrid/tas_Amon_CanESM5_historical_r4i1p1f1_gn_185001-201412.nc_global_regrid.nc,/badc/cmip6/data/CMIP6/ScenarioMIP/CCCma/CanESM5/ssp245/r4i1p1f1/Amon/tas/gn/files/d20190429/tas_Amon_CanESM5_ssp245_r4i1p1f1_gn_201501-210012.nc
CanESM5,tas,r14i1p1f1,/gws/nopw/j04/canari/users/benhutch/historical/tas/CanESM5/regrid/tas_Amon_CanESM5_historical_r14i1p1f1_gn_185001-201412.nc_global_regrid.nc,/badc/cmip6/data/CMIP6/ScenarioMIP/CCCma/CanESM5/ssp245/r14i1p1f1/Amon/tas/gn/files/d20190429/tas_Amon_CanESM5_ssp245_r14i1p1f1_gn_201501-210012.nc
CanESM5,tas,r20i1p2f1,/gws/nopw/j04/canari/users/benhutch/historical/tas/CanESM5/regrid/tas_Amon_CanESM5_historical_r20i1p2f1_gn_185001-201412.nc_global_regrid.nc,/badc/cmip6/data/CMIP6/ScenarioMIP/CCCma/CanESM5/ssp245/r20i1p2f1/Amon/tas/gn/files/d20190429/tas_Amon_CanESM5_ssp245_r20i1p2f1_gn_201501-210012.nc
CanESM5,tas,r24i1p1f1,/gws/nopw/j04/canari/users/benhutch/historical/tas/CanESM5/regrid/tas_Amon_CanESM5_historical_r24i1p1f1_gn_185001-201412.nc_global_regrid.nc,/badc/cmip6/data/CMIP6/ScenarioMIP/CCCma/CanESM5/ssp245/r24i1p1f1/Amon/tas/gn/files/d20190429/tas_Amon_CanESM5_ssp245_r24i1p1f1_gn_201501-210012.nc
CanESM5,tas,r8i1p1f1,/gws/nopw/j04/canari/users/benhutch/historical/tas/CanESM5/regrid/tas_Amon_CanESM5_historical_r8i1p1f1_gn_185001-201412.nc_global_regrid.nc,/badc/cmip6/data/CMIP6/ScenarioMIP/CCCma/CanESM5/ssp245/r8i1p1f1/Amon/tas/gn/files/d20190429/tas_Amon_CanESM5_ssp245_r8i1p1f1_gn_201501-210012.nc
CanESM5,tas,r13i1p2f1,/gws/nopw/j04/canari/users/benhutch/historical/tas/CanESM5/regrid/tas_Amon_CanESM5_historical_r13i1p2f1_gn_185001-201412.nc_global_regrid.nc,/badc/cmip6/data/CMIP6/ScenarioMIP/CCCma/CanESM5/ssp245/r13i1p2f1/Amon/tas/gn/files/d20190429/tas_Amon_CanESM5_ssp245_r13i1p2f1_gn_201501-210012.nc
CanESM5,tas,r3i1p2f1,/gws/nopw/j04/canari/users/benhutch/historical/tas/CanESM5/regrid/tas_Amon_CanESM5_historical_r3i1p2f1_gn_185001-201412.nc_global_regrid.nc,/badc/cmip6/data/CMIP6/ScenarioMIP/CCCma/CanESM5/ssp245/r3i1p2f1/Amon/tas/gn/files/d20190429/tas_Amon_CanESM5_ssp245_r3i1p2f1_gn_201501-210012.nc
CanESM5,tas,r2i1p1f1,/gws/nopw/j04/canari/users/benhutch/historical/tas/CanESM5/regrid/tas_Amon_CanESM5_historical_r2i1p1f1_gn_185001-201412.nc_global_regrid.nc,/badc/cmip6/data/CMIP6/ScenarioMIP/CCCma/CanESM5/ssp245/r2i1p1f1/Amon/tas/gn/files/d20190429/tas_Amon_CanESM5_ssp245_r2i1p1f1_gn_201501-210012.nc
CanESM5,tas,r1i1p1f1,/gws/nopw/j04/canari/users/benhutch/historical/tas/CanESM5/regrid/tas_Amon_CanESM5_historical_r1i1p1f1_gn_185001-201412.nc_global_regrid.nc,/badc/cmip6/data/CMIP6/ScenarioMIP/CCCma/CanESM5/ssp245/r1i1p1f1/Amon/tas/gn/files/d20190429/tas_Amon_CanESM5_ssp245_r1i1p1f1_gn_201501-210012.nc
CanESM5,tas,r16i1p2f1,/gws/nopw/j04/canari/users/benhutch/historical/tas/CanESM5/regrid/tas_Amon_CanESM5_historical_r16i1p2f1_gn_185001-201412.nc_global_regrid.nc,/badc/cmip6/data/CMIP6/ScenarioMIP/CCCma/CanESM5/ssp245/r16i1p2f1/Amon/tas/gn/files/d20190429/tas_Amon_CanESM5_ssp245_r16i1p2f1_gn_201501-210012.nc
CanESM5,tas,r4i1p2f1,/gws/nopw/j04/canari/users/benhutch/historical/tas/CanESM5/regrid/tas_Amon_CanESM5_historical_r4i1p2f1_gn_185001-201412.nc_global_regrid.nc,/badc/cmip6/data/CMIP6/ScenarioMIP/CCCma/CanESM5/ssp245/r4i1p2f1/Amon/tas/gn/files/d20190429/tas_Amon_CanESM5_ssp245_r4i1p2f1_gn_201501-210012.nc
CanESM5,tas,r5i1p2f1,/gws/nopw/j04/canari/users/benhutch/historical/tas/CanESM5/regrid/tas_Amon_CanESM5_historical_r5i1p2f1_gn_185001-201412.nc_global_regrid.nc,/badc/cmip6/data/CMIP6/ScenarioMIP/CCCma/CanESM5/ssp245/r5i1p2f1/Amon/tas/gn/files/d20190429/tas_Amon_CanESM5_ssp245_r5i1p2f1_gn_201501-210012.nc
CanESM5,tas,r21i1p1f1,/gws/nopw/j04/canari/users/benhutch/historical/tas/CanESM5/regrid/tas_Amon_CanESM5_historical_r21i1p1f1_gn_185001-201412.nc_global_regrid.nc,/badc/cmip6/data/CMIP6/ScenarioMIP/CCCma/CanESM5/ssp245/r21i1p1f1/Amon/tas/gn/files/d20190429/tas_Amon_CanESM5_ssp245_r21i1p1f1_gn_201501-210012.nc
CanESM5,tas,r23i1p1f1,/gws/nopw/j04/canari/users/benhutch/historical/tas/CanESM5/regrid/tas_Amon_CanESM5_historical_r23i1p1f1_gn_185001-201412.nc_global_regrid.nc,/badc/cmip6/data/CMIP6/ScenarioMIP/CCCma/CanESM5/ssp245/r23i1p1f1/Amon/tas/gn/files/d20190429/tas_Amon_CanESM5_ssp245_r23i1p1f1_gn_201501-210012.nc
CanESM5,tas,r7i1p2f1,/gws/nopw/j04/canari/users/benhutch/historical/tas/CanESM5/regrid/tas_Amon_CanESM5_historical_r7i1p2f1_gn_185001-201412.nc_global_regrid.nc,/badc/cmip6/data/CMIP6/ScenarioMIP/CCCma/CanESM5/ssp245/r7i1p2f1/Amon/tas/gn/files/d20190429/tas_Amon_CanESM5_ssp245_r7i1p2f1_gn_201501-210012.nc
CanESM5,tas,r6i1p1f1,/gws/nopw/j04/canari/users/benhutch/historical/tas/CanESM5/regrid/tas_Amon_CanESM5_historical_r6i1p1f1_gn_185001-201412.nc_global_regrid.nc,/badc/cmip6/data/CMIP6/ScenarioMIP/CCCma/CanESM5/ssp245/r6i1p1f1/Amon/tas/gn/files/d20190429/tas_Amon_CanESM5_ssp245_r6i1p1f1_gn_201501-210012.nc
CanESM5,tas,r10i1p2f1,/gws/nopw/j04/canari/users/benhutch/historical/tas/CanESM5/regrid/tas_Amon_CanESM5_historical_r10i1p2f1_gn_185001-201412.nc_global_regrid.nc,/badc/cmip6/data/CMIP6/ScenarioMIP/CCCma/CanESM5/ssp245/r10i1p2f1/Amon/tas/gn/files/d20190429/tas_Amon_CanESM5_ssp245_r10i1p2f1_gn_201501-210012.nc
CanESM5,tas,r9i1p1f1,/gws/nopw/j04/canari/users/benhutch/historical/tas/CanESM5/regrid/tas_Amon_CanESM5_historical_r9i1p1f1_gn_185001-201412.nc_global_regrid.nc,/badc/cmip6/data/CMIP6/ScenarioMIP/CCCma/CanESM5/ssp245/r9i1p1f1/Amon/tas/gn/files/d20190429/tas_Amon_CanESM5_ssp245_r9i1p1f1_gn_201501-210012.nc
CanESM5,tas,r5i1p1f1,/gws/nopw/j04/canari/users/benhutch/historical/tas/CanESM5/regrid/tas_Amon_CanESM5_historical_r5i1p1f1_gn_185001-201412.nc_global_regrid.nc,/badc/cmip6/data/CMIP6/ScenarioMIP/CCCma/CanESM5/ssp245/r5i1p1f1/Amon/tas/gn/files/d20190429/tas_Amon_CanESM5_ssp245_r5i1p1f1_gn_201501-210012.nc
CanESM5,tas,r23i1p2f1,/gws/nopw/j04/canari/users/benhutch/historical/tas/CanESM5/regrid/tas_Amon_CanESM5_historical_r23i1p2f1_gn_185001-201412.nc_global_regrid.nc,/badc/cmip6/data/CMIP6/ScenarioMIP/CCCma/CanESM5/ssp245/r23i1p2f1/Amon/tas/gn/files/d20190429/tas_Amon_CanESM5_ssp245_r23i1p2f1_gn_201501-210012.nc
CanESM5,tas,r19i1p1f1,/gws/nopw/j04/canari/users/benhutch/historical/tas/CanESM5/regrid/tas_Amon_CanESM5_historical_r19i1p1f1_gn_185001-201412.nc_global_regrid.nc,/badc/cmip6/data/CMIP6/ScenarioMIP/CCCma/CanESM5/ssp245/r19i1p1f1/Amon/tas/gn/files/d20190429/tas_Amon_CanESM5_ssp245_r19i1p1f1_gn_201501-210012.nc
CanESM5,tas,r17i1p2f1,/gws/nopw/j04/canari/users/benhutch/historical/tas/CanESM5/regrid/tas_Amon_CanESM5_historical_r17i1p2f1_gn_185001-201412.nc_global_regrid.nc,/badc/cmip6/data/CMIP6/ScenarioMIP/CCCma/CanESM5/ssp245/r17i1p2f1/Amon/tas/gn/files/d20190429/tas_Amon_CanESM5_ssp245_r17i1p2f1_gn_201501-210012.nc
CanESM5,tas,r20i1p1f1,/gws/nopw/j04/canari/users/benhutch/historical/tas/CanESM5/regrid/tas_Amon_CanESM5_historical_r20i1p1f1_gn_185001-201412.nc_global_regrid.nc,/badc/cmip6/data/CMIP6/ScenarioMIP/CCCma/CanESM5/ssp245/r20i1p1f1/Amon/tas/gn/files/d20190429/tas_Amon_CanESM5_ssp245_r20i1p1f1_gn_201501-210012.nc
CanESM5,tas,r9i1p2f1,/gws/nopw/j04/canari/users/benhutch/historical/tas/CanESM5/regrid/tas_Amon_CanESM5_historical_r9i1p2f1_gn_185001-201412.nc_global_regrid.nc,/badc/cmip6/data/CMIP6/ScenarioMIP/CCCma/CanESM5/ssp245/r9i1p2f1/Amon/tas/gn/files/d20190429/tas_Amon_CanESM5_ssp245_r9i1p2f1_gn_201501-210012.nc
CanESM5,tas,r6i1p2f1,/gws/nopw/j04/canari/users/benhutch/historical/tas/CanESM5/regrid/tas_Amon_CanESM5_historical_r6i1p2f1_gn_185001-201412.nc_global_regrid.nc,/badc/cmip6/data/CMIP6/ScenarioMIP/CCCma/CanESM5/ssp245/r6i1p2f1/Amon/tas/gn/files/d20190429/tas_Amon_CanESM5_ssp245_r6i1p2f1_gn_201501-210012.nc
CanESM5,tas,r11i1p1f1,/gws/nopw/j04/canari/users/benhutch/historical/tas/CanESM5/regrid/tas_Amon_CanESM5_historical_r11i1p1f1_gn_185001-201412.nc_global_regrid.nc,/badc/cmip6/data/CMIP6/ScenarioMIP/CCCma/CanESM5/ssp245/r11i1p1f1/Amon/tas/gn/files/d20190429/tas_Amon_CanESM5_ssp245_r11i1p1f1_gn_201501-210012.nc
CMCC-CM2-SR5,tas,r1i1p1f1,/gws/nopw/j04/canari/users/benhutch/historical/tas/CMCC-CM2-SR5/regrid/tas_Amon_CMCC-CM2-SR5_historical_r1i1p1f1_gn_185001-201412.nc_global_regrid.nc,/badc/cmip6/data/CMIP6/ScenarioMIP/CMCC/CMCC-CM2-SR5/ssp245/r1i1p1f1/Amon/tas/gn/files/d20200617/tas_Amon_CMCC-CM2-SR5_ssp245_r1i1p1f1_gn_201501-210012.nc
EC-Earth3,tas,r116i1p1f1,/gws/nopw/j04/canari/users/benhutch/historical/tas/EC-Earth3/regrid/tas_Amon_EC-Earth3_historical_r116i1p1f1_g?_1970-2014.nc_global_regrid.nc,/badc/cmip6/data/CMIP6/ScenarioMIP/EC-Earth-Consortium/EC-Earth3/ssp245/r116i1p1f1/Amon/tas/gr/files/d20210401/tas_Amon_EC-Earth3_ssp245_r116i1p1f1_gr_201501-201512.nc
EC-Earth3,tas,r114i1p1f1,/gws/nopw/j04/canari/users/benhutch/historical/tas/EC-Earth3/regrid/tas_Amon_EC-Earth3_historical_r114i1p1f1_g?_1970-2014.nc_global_regrid.nc,/badc/cmip6/data/CMIP6/ScenarioMIP/EC-Earth-Consortium/EC-Earth3/ssp245/r114i1p1f1/Amon/tas/gr/files/d20210401/tas_Amon_EC-Earth3_ssp245_r114i1p1f1_gr_201501-201512.nc
EC-Earth3,tas,r138i1p1f1,/gws/nopw/j04/canari/users/benhutch/historical/tas/EC-Earth3/regrid/tas_Amon_EC-Earth3_historical_r138i1p1f1_g?_1970-2014.nc_global_regrid.nc,/badc/cmip6/data/CMIP6/ScenarioMIP/EC-Earth-Consortium/EC-Earth3/ssp245/r138i1p1f1/Amon/tas/gr/files/d20210401/tas_Amon_EC-Earth3_ssp245_r138i1p1f1_gr_201501-201512.nc
EC-Earth3,tas,r122i1p1f1,/gws/nopw/j04/canari/users/benhutch/historical/tas/EC-Earth3/regrid/tas_Amon_EC-Earth3_historical_r122i1p1f1_g?_1970-2014.nc_global_regrid.nc,/badc/cmip6/data/CMIP6/ScenarioMIP/EC-Earth-Consortium/EC-Earth3/ssp245/r122i1p1f1/Amon/tas/gr/files/d20210401/tas_Amon_EC-Earth3_ssp245_r122i1p1f1_gr_201501-201512.nc
EC-Earth3,tas,r103i1p1f1,/gws/nopw/j04/canari/users/benhutch/historical/tas/EC-Earth3/regrid/tas_Amon_EC-Earth3_historical_r103i1p1f1_g?_1970-2014.nc_global_regrid.nc,/badc/cmip6/data/CMIP6/ScenarioMIP/EC-Earth-Consortium/EC-Earth3/ssp245/r103i1p1f1/Amon/tas/gr/files/d20210401/tas_Amon_EC-Earth3_ssp245_r103i1p1f1_gr_201501-201512.nc
EC-Earth3,tas,r101i1p1f1,/gws/nopw/j04/canari/users/benhutch/historical/tas/EC-Earth3/regrid/tas_Amon_EC-Earth3_historical_r101i1p1f1_g?_1970-2014.nc_global_regrid.nc,/badc/cmip6/data/CMIP6/ScenarioMIP/EC-Earth-Consortium/EC-Earth3/ssp245/r101i1p1f1/Amon/tas/gr/files/d20210401/tas_Amon_EC-Earth3_ssp245_r101i1p1f1_gr_201501-201512.nc
EC-Earth3,tas,r127i1p1f1,/gws/nopw/j04/canari/users/benhutch/historical/tas/EC-Earth3/regrid/tas_Amon_EC-Earth3_historical_r127i1p1f1_g?_1970-2014.nc_global_regrid.nc,/badc/cmip6/data/CMIP6/ScenarioMIP/EC-Earth-Consortium/EC-Earth3/ssp245/r127i1p1f1/Amon/tas/gr/files/d20210401/tas_Amon_EC-Earth3_ssp245_r127i1p1f1_gr_201501-201512.nc
EC-Earth3,tas,r142i1p1f1,/gws/nopw/j04/canari/users/benhutch/historical/tas/EC-Earth3/regrid/tas_Amon_EC-Earth3_historical_r142i1p1f1_g?_1970-2014.nc_global_regrid.nc,/badc/cmip6/data/CMIP6/ScenarioMIP/EC-Earth-Consortium/EC-Earth3/ssp245/r142i1p1f1/Amon/tas/gr/files/d20210401/tas_Amon_EC-Earth3_ssp245_r142i1p1f1_gr_201501-201512.nc
EC-Earth3,tas,r104i1p1f1,/gws/nopw/j04/canari/users/benhutch/historical/tas/EC-Earth3/regrid/tas_Amon_EC-Earth3_historical_r104i1p1f1_g?_1970-2014.nc_global_regrid.nc,/badc/cmip6/data/CMIP6/ScenarioMIP/EC-Earth-Consortium/EC-Earth3/ssp245/r104i1p1f1/Amon/tas/gr/files/d20210401/tas_Amon_EC-Earth3_ssp245_r104i1p1f1_gr_201501-201512.nc
EC-Earth3,tas,r129i1p1f1,/gws/nopw/j04/canari/users/benhutch/historical/tas/EC-Earth3/regrid/tas_Amon_EC-Earth3_historical_r129i1p1f1_g?_1970-2014.nc_global_regrid.nc,/badc/cmip6/data/CMIP6/ScenarioMIP/EC-Earth-Consortium/EC-Earth3/ssp245/r129i1p1f1/Amon/tas/gr/files/d20210401/tas_Amon_EC-Earth3_ssp245_r129i1p1f1_gr_201501-201512.nc
EC-Earth3,tas,r105i1p1f1,/gws/nopw/j04/canari/users/benhutch/historical/tas/EC-Earth3/regrid/tas_Amon_EC-Earth3_historical_r105i1p1f1_g?_1970-2014.nc_global_regrid.nc,/badc/cmip6/data/CMIP6/ScenarioMIP/EC-Earth-Consortium/EC-Earth3/ssp245/r105i1p1f1/Amon/tas/gr/files/d20210401/tas_Amon_EC-Earth3_ssp245_r105i1p1f1_gr_201501-201512.nc
EC-Earth3,tas,r135i1p1f1,/gws/nopw/j04/canari/users/benhutch/historical/tas/EC-Earth3/regrid/tas_Amon_EC-Earth3_historical_r135i1p1f1_g?_1970-2014.nc_global_regrid.nc,/badc/cmip6/data/CMIP6/ScenarioMIP/EC-Earth-Consortium/EC-Earth3/ssp245/r135i1p1f1/Amon/tas/gr/files/d20210401/tas_Amon_EC-Earth3_ssp245_r135i1p1f1_gr_201501-201512.nc
EC-Earth3,tas,r144i1p1f1,/gws/nopw/j04/canari/users/benhutch/historical/tas/EC-Earth3/regrid/tas_Amon_EC-Earth3_historical_r144i1p1f1_g?_1970-2014.nc_global_regrid.nc,/badc/cmip6/data/CMIP6/ScenarioMIP/EC-Earth-Consortium/EC-Earth3/ssp245/r144i1p1f1/Amon/tas/gr/files/d20210401/tas_Amon_EC-Earth3_ssp245_r144i1p1f1_gr_201501-201512.nc
EC-Earth3,tas,r146i1p1f1,/gws/nopw/j04/canari/users/benhutch/historical/tas/EC-Earth3/regrid/tas_Amon_EC-Earth3_historical_r146i1p1f1_g?_1970-2014.nc_global_regrid.nc,/badc/cmip6/data/CMIP6/ScenarioMIP/EC-Earth-Consortium/EC-Earth3/ssp245/r146i1p1f1/Amon/tas/gr/files/d20210401/tas_Amon_EC-Earth3_ssp245_r146i1p1f1_gr_201501-201512.nc
EC-Earth3,tas,r109i1p1f1,/gws/nopw/j04/canari/users/benhutch/historical/tas/EC-Earth3/regrid/tas_Amon_EC-Earth3_historical_r109i1p1f1_g?_1970-2014.nc_global_regrid.nc,/badc/cmip6/data/CMIP6/ScenarioMIP/EC-Earth-Consortium/EC-Earth3/ssp245/r109i1p1f1/Amon/tas/gr/files/d20210401/tas_Amon_EC-Earth3_ssp245_r109i1p1f1_gr_201501-201512.nc
EC-Earth3,tas,r119i1p1f1,/gws/nopw/j04/canari/users/benhutch/historical/tas/EC-Earth3/regrid/tas_Amon_EC-Earth3_historical_r119i1p1f1_g?_1970-2014.nc_global_regrid.nc,/badc/cmip6/data/CMIP6/ScenarioMIP/EC-Earth-Consortium/EC-Earth3/ssp245/r119i1p1f1/Amon/tas/gr/files/d20210401/tas_Amon_EC-Earth3_ssp245_r119i1p1f1_gr_201501-201512.nc
EC-Earth3,tas,r136i1p1f1,/gws/nopw/j04/canari/users/benhutch/historical/tas/EC-Earth3/regrid/tas_Amon_EC-Earth3_historical_r136i1p1f1_g?_1970-2014.nc_global_regrid.nc,/badc/cmip6/data/CMIP6/ScenarioMIP/EC-Earth-Consortium/EC-Earth3/ssp245/r136i1p1f1/Amon/tas/gr/files/d20210401/tas_Amon_EC-Earth3_ssp245_r136i1p1f1_gr_201501-201512.nc
EC-Earth3,tas,r141i1p1f1,/gws/nopw/j04/canari/users/benhutch/historical/tas/EC-Earth3/regrid/tas_Amon_EC-Earth3_historical_r141i1p1f1_g?_1970-2014.nc_global_regrid.nc,/badc/cmip6/data/CMIP6/ScenarioMIP/EC-Earth-Consortium/EC-Earth3/ssp245/r141i1p1f1/Amon/tas/gr/files/d20210401/tas_Amon_EC-Earth3_ssp245_r141i1p1f1_gr_201501-201512.nc
EC-Earth3,tas,r117i1p1f1,/gws/nopw/j04/canari/users/benhutch/historical/tas/EC-Earth3/regrid/tas_Amon_EC-Earth3_historical_r117i1p1f1_g?_1970-2014.nc_global_regrid.nc,/badc/cmip6/data/CMIP6/ScenarioMIP/EC-Earth-Consortium/EC-Earth3/ssp245/r117i1p1f1/Amon/tas/gr/files/d20210401/tas_Amon_EC-Earth3_ssp245_r117i1p1f1_gr_201501-201512.nc
EC-Earth3,tas,r143i1p1f1,/gws/nopw/j04/canari/users/benhutch/historical/tas/EC-Earth3/regrid/tas_Amon_EC-Earth3_historical_r143i1p1f1_g?_1970-2014.nc_global_regrid.nc,/badc/cmip6/data/CMIP6/ScenarioMIP/EC-Earth-Consortium/EC-Earth3/ssp245/r143i1p1f1/Amon/tas/gr/files/d20210401/tas_Amon_EC-Earth3_ssp245_r143i1p1f1_gr_201501-201512.nc
EC-Earth3,tas,r107i1p1f1,/gws/nopw/j04/canari/users/benhutch/historical/tas/EC-Earth3/regrid/tas_Amon_EC-Earth3_historical_r107i1p1f1_g?_1970-2014.nc_global_regrid.nc,/badc/cmip6/data/CMIP6/ScenarioMIP/EC-Earth-Consortium/EC-Earth3/ssp245/r107i1p1f1/Amon/tas/gr/files/d20210401/tas_Amon_EC-Earth3_ssp245_r107i1p1f1_gr_201501-201512.nc
EC-Earth3,tas,r112i1p1f1,/gws/nopw/j04/canari/users/benhutch/historical/tas/EC-Earth3/regrid/tas_Amon_EC-Earth3_historical_r112i1p1f1_g?_1970-2014.nc_global_regrid.nc,/badc/cmip6/data/CMIP6/ScenarioMIP/EC-Earth-Consortium/EC-Earth3/ssp245/r112i1p1f1/Amon/tas/gr/files/d20210401/tas_Amon_EC-Earth3_ssp245_r112i1p1f1_gr_201501-201512.nc
EC-Earth3,tas,r120i1p1f1,/gws/nopw/j04/canari/users/benhutch/historical/tas/EC-Earth3/regrid/tas_Amon_EC-Earth3_historical_r120i1p1f1_g?_1970-2014.nc_global_regrid.nc,/badc/cmip6/data/CMIP6/ScenarioMIP/EC-Earth-Consortium/EC-Earth3/ssp245/r120i1p1f1/Amon/tas/gr/files/d20210401/tas_Amon_EC-Earth3_ssp245_r120i1p1f1_gr_201501-201512.nc
EC-Earth3,tas,r150i1p1f1,/gws/nopw/j04/canari/users/benhutch/historical/tas/EC-Earth3/regrid/tas_Amon_EC-Earth3_historical_r150i1p1f1_g?_1970-2014.nc_global_regrid.nc,/badc/cmip6/data/CMIP6/ScenarioMIP/EC-Earth-Consortium/EC-Earth3/ssp245/r150i1p1f1/Amon/tas/gr/files/d20210401/tas_Amon_EC-Earth3_ssp245_r150i1p1f1_gr_201501-201512.nc
EC-Earth3,tas,r147i1p1f1,/gws/nopw/j04/canari/users/benhutch/historical/tas/EC-Earth3/regrid/tas_Amon_EC-Earth3_historical_r147i1p1f1_g?_1970-2014.nc_global_regrid.nc,/badc/cmip6/data/CMIP6/ScenarioMIP/EC-Earth-Consortium/EC-Earth3/ssp245/r147i1p1f1/Amon/tas/gr/files/d20210401/tas_Amon_EC-Earth3_ssp245_r147i1p1f1_gr_201501-201512.nc
EC-Earth3,tas,r113i1p1f1,/gws/nopw/j04/canari/users/benhutch/historical/tas/EC-Earth3/regrid/tas_Amon_EC-Earth3_historical_r113i1p1f1_g?_1970-2014.nc_global_regrid.nc,/badc/cmip6/data/CMIP6/ScenarioMIP/EC-Earth-Consortium/EC-Earth3/ssp245/r113i1p1f1/Amon/tas/gr/files/d20210401/tas_Amon_EC-Earth3_ssp245_r113i1p1f1_gr_201501-201512.nc
EC-Earth3,tas,r128i1p1f1,/gws/nopw/j04/canari/users/benhutch/historical/tas/EC-Earth3/regrid/tas_Amon_EC-Earth3_historical_r128i1p1f1_g?_1970-2014.nc_global_regrid.nc,/badc/cmip6/data/CMIP6/ScenarioMIP/EC-Earth-Consortium/EC-Earth3/ssp245/r128i1p1f1/Amon/tas/gr/files/d20210401/tas_Amon_EC-Earth3_ssp245_r128i1p1f1_gr_201501-201512.nc
EC-Earth3,tas,r110i1p1f1,/gws/nopw/j04/canari/users/benhutch/historical/tas/EC-Earth3/regrid/tas_Amon_EC-Earth3_historical_r110i1p1f1_g?_1970-2014.nc_global_regrid.nc,/badc/cmip6/data/CMIP6/ScenarioMIP/EC-Earth-Consortium/EC-Earth3/ssp245/r110i1p1f1/Amon/tas/gr/files/d20210401/tas_Amon_EC-Earth3_ssp245_r110i1p1f1_gr_201501-201512.nc
EC-Earth3,tas,r145i1p1f1,/gws/nopw/j04/canari/users/benhutch/historical/tas/EC-Earth3/regrid/tas_Amon_EC-Earth3_historical_r145i1p1f1_g?_1970-2014.nc_global_regrid.nc,/badc/cmip6/data/CMIP6/ScenarioMIP/EC-Earth-Consortium/EC-Earth3/ssp245/r145i1p1f1/Amon/tas/gr/files/d20210401/tas_Amon_EC-Earth3_ssp245_r145i1p1f1_gr_201501-201512.nc
EC-Earth3,tas,r106i1p1f1,/gws/nopw/j04/canari/users/benhutch/historical/tas/EC-Earth3/regrid/tas_Amon_EC-Earth3_historical_r106i1p1f1_g?_1970-2014.nc_global_regrid.nc,/badc/cmip6/data/CMIP6/ScenarioMIP/EC-Earth-Consortium/EC-Earth3/ssp245/r106i1p1f1/Amon/tas/gr/files/d20210401/tas_Amon_EC-Earth3_ssp245_r106i1p1f1_gr_201501-201512.nc
EC-Earth3,tas,r137i1p1f1,/gws/nopw/j04/canari/users/benhutch/historical/tas/EC-Earth3/regrid/tas_Amon_EC-Earth3_historical_r137i1p1f1_g?_1970-2014.nc_global_regrid.nc,/badc/cmip6/data/CMIP6/ScenarioMIP/EC-Earth-Consortium/EC-Earth3/ssp245/r137i1p1f1/Amon/tas/gr/files/d20210401/tas_Amon_EC-Earth3_ssp245_r137i1p1f1_gr_201501-201512.nc
EC-Earth3,tas,r133i1p1f1,/gws/nopw/j04/canari/users/benhutch/historical/tas/EC-Earth3/regrid/tas_Amon_EC-Earth3_historical_r133i1p1f1_g?_1970-2014.nc_global_regrid.nc,/badc/cmip6/data/CMIP6/ScenarioMIP/EC-Earth-Consortium/EC-Earth3/ssp245/r133i1p1f1/Amon/tas/gr/files/d20210401/tas_Amon_EC-Earth3_ssp245_r133i1p1f1_gr_201501-201512.nc
EC-Earth3,tas,r149i1p1f1,/gws/nopw/j04/canari/users/benhutch/historical/tas/EC-Earth3/regrid/tas_Amon_EC-Earth3_historical_r149i1p1f1_g?_1970-2014.nc_global_regrid.nc,/badc/cmip6/data/CMIP6/ScenarioMIP/EC-Earth-Consortium/EC-Earth3/ssp245/r149i1p1f1/Amon/tas/gr/files/d20210401/tas_Amon_EC-Earth3_ssp245_r149i1p1f1_gr_201501-201512.nc
EC-Earth3,tas,r108i1p1f1,/gws/nopw/j04/canari/users/benhutch/historical/tas/EC-Earth3/regrid/tas_Amon_EC-Earth3_historical_r108i1p1f1_g?_1970-2014.nc_global_regrid.nc,/badc/cmip6/data/CMIP6/ScenarioMIP/EC-Earth-Consortium/EC-Earth3/ssp245/r108i1p1f1/Amon/tas/gr/files/d20210401/tas_Amon_EC-Earth3_ssp245_r108i1p1f1_gr_201501-201512.nc
EC-Earth3,tas,r124i1p1f1,/gws/nopw/j04/canari/users/benhutch/historical/tas/EC-Earth3/regrid/tas_Amon_EC-Earth3_historical_r124i1p1f1_g?_1970-2014.nc_global_regrid.nc,/badc/cmip6/data/CMIP6/ScenarioMIP/EC-Earth-Consortium/EC-Earth3/ssp245/r124i1p1f1/Amon/tas/gr/files/d20210401/tas_Amon_EC-Earth3_ssp245_r124i1p1f1_gr_201501-201512.nc
EC-Earth3,tas,r131i1p1f1,/gws/nopw/j04/canari/users/benhutch/historical/tas/EC-Earth3/regrid/tas_Amon_EC-Earth3_historical_r131i1p1f1_g?_1970-2014.nc_global_regrid.nc,/badc/cmip6/data/CMIP6/ScenarioMIP/EC-Earth-Consortium/EC-Earth3/ssp245/r131i1p1f1/Amon/tas/gr/files/d20210401/tas_Amon_EC-Earth3_ssp245_r131i1p1f1_gr_201501-201512.nc
EC-Earth3,tas,r132i1p1f1,/gws/nopw/j04/canari/users/benhutch/historical/tas/EC-Earth3/regrid/tas_Amon_EC-Earth3_historical_r132i1p1f1_g?_1970-2014.nc_global_regrid.nc,/badc/cmip6/data/CMIP6/ScenarioMIP/EC-Earth-Consortium/EC-Earth3/ssp245/r132i1p1f1/Amon/tas/gr/files/d20210401/tas_Amon_EC-Earth3_ssp245_r132i1p1f1_gr_201501-201512.nc
EC-Earth3,tas,r140i1p1f1,/gws/nopw/j04/canari/users/benhutch/historical/tas/EC-Earth3/regrid/tas_Amon_EC-Earth3_historical_r140i1p1f1_g?_1970-2014.nc_global_regrid.nc,/badc/cmip6/data/CMIP6/ScenarioMIP/EC-Earth-Consortium/EC-Earth3/ssp245/r140i1p1f1/Amon/tas/gr/files/d20210401/tas_Amon_EC-Earth3_ssp245_r140i1p1f1_gr_201501-201512.nc
EC-Earth3,tas,r130i1p1f1,/gws/nopw/j04/canari/users/benhutch/historical/tas/EC-Earth3/regrid/tas_Amon_EC-Earth3_historical_r130i1p1f1_g?_1970-2014.nc_global_regrid.nc,/badc/cmip6/data/CMIP6/ScenarioMIP/EC-Earth-Consortium/EC-Earth3/ssp245/r130i1p1f1/Amon/tas/gr/files/d20210401/tas_Amon_EC-Earth3_ssp245_r130i1p1f1_gr_201501-201512.nc
EC-Earth3,tas,r148i1p1f1,/gws/nopw/j04/canari/users/benhutch/historical/tas/EC-Earth3/regrid/tas_Amon_EC-Earth3_historical_r148i1p1f1_g?_1970-2014.nc_global_regrid.nc,/badc/cmip6/data/CMIP6/ScenarioMIP/EC-Earth-Consortium/EC-Earth3/ssp245/r148i1p1f1/Amon/tas/gr/files/d20210401/tas_Amon_EC-Earth3_ssp245_r148i1p1f1_gr_201501-201512.nc
EC-Earth3,tas,r115i1p1f1,/gws/nopw/j04/canari/users/benhutch/historical/tas/EC-Earth3/regrid/tas_Amon_EC-Earth3_historical_r115i1p1f1_g?_1970-2014.nc_global_regrid.nc,/badc/cmip6/data/CMIP6/ScenarioMIP/EC-Earth-Consortium/EC-Earth3/ssp245/r115i1p1f1/Amon/tas/gr/files/d20210401/tas_Amon_EC-Earth3_ssp245_r115i1p1f1_gr_201501-201512.nc
EC-Earth3,tas,r118i1p1f1,/gws/nopw/j04/canari/users/benhutch/historical/tas/EC-Earth3/regrid/tas_Amon_EC-Earth3_historical_r118i1p1f1_g?_1970-2014.nc_global_regrid.nc,/badc/cmip6/data/CMIP6/ScenarioMIP/EC-Earth-Consortium/EC-Earth3/ssp245/r118i1p1f1/Amon/tas/gr/files/d20210401/tas_Amon_EC-Earth3_ssp245_r118i1p1f1_gr_201501-201512.nc
EC-Earth3,tas,r111i1p1f1,/gws/nopw/j04/canari/users/benhutch/historical/tas/EC-Earth3/regrid/tas_Amon_EC-Earth3_historical_r111i1p1f1_g?_1970-2014.nc_global_regrid.nc,/badc/cmip6/data/CMIP6/ScenarioMIP/EC-Earth-Consortium/EC-Earth3/ssp245/r111i1p1f1/Amon/tas/gr/files/d20210401/tas_Amon_EC-Earth3_ssp245_r111i1p1f1_gr_201501-201512.nc
EC-Earth3,tas,r102i1p1f1,/gws/nopw/j04/canari/users/benhutch/historical/tas/EC-Earth3/regrid/tas_Amon_EC-Earth3_historical_r102i1p1f1_g?_1970-2014.nc_global_regrid.nc,/badc/cmip6/data/CMIP6/ScenarioMIP/EC-Earth-Consortium/EC-Earth3/ssp245/r102i1p1f1/Amon/tas/gr/files/d20210401/tas_Amon_EC-Earth3_ssp245_r102i1p1f1_gr_201501-201512.nc
EC-Earth3,tas,r123i1p1f1,/gws/nopw/j04/canari/users/benhutch/historical/tas/EC-Earth3/regrid/tas_Amon_EC-Earth3_historical_r123i1p1f1_g?_1970-2014.nc_global_regrid.nc,/badc/cmip6/data/CMIP6/ScenarioMIP/EC-Earth-Consortium/EC-Earth3/ssp245/r123i1p1f1/Amon/tas/gr/files/d20210401/tas_Amon_EC-Earth3_ssp245_r123i1p1f1_gr_201501-201512.nc
EC-Earth3,tas,r134i1p1f1,/gws/nopw/j04/canari/users/benhutch/historical/tas/EC-Earth3/regrid/tas_Amon_EC-Earth3_historical_r134i1p1f1_g?_1970-2014.nc_global_regrid.nc,/badc/cmip6/data/CMIP6/ScenarioMIP/EC-Earth-Consortium/EC-Earth3/ssp245/r134i1p1f1/Amon/tas/gr/files/d20210401/tas_Amon_EC-Earth3_ssp245_r134i1p1f1_gr_201501-201512.nc
EC-Earth3,tas,r139i1p1f1,/gws/nopw/j04/canari/users/benhutch/historical/tas/EC-Earth3/regrid/tas_Amon_EC-Earth3_historical_r139i1p1f1_g?_1970-2014.nc_global_regrid.nc,/badc/cmip6/data/CMIP6/ScenarioMIP/EC-Earth-Consortium/EC-Earth3/ssp245/r139i1p1f1/Amon/tas/gr/files/d20210401/tas_Amon_EC-Earth3_ssp245_r139i1p1f1_gr_201501-201512.nc
EC-Earth3,tas,r126i1p1f1,/gws/nopw/j04/canari/users/benhutch/historical/tas/EC-Earth3/regrid/tas_Amon_EC-Earth3_historical_r126i1p1f1_g?_1970-2014.nc_global_regrid.nc,/badc/cmip6/data/CMIP6/ScenarioMIP/EC-Earth-Consortium/EC-Earth3/ssp245/r126i1p1f1/Amon/tas/gr/files/d20210401/tas_Amon_EC-Earth3_ssp245_r126i1p1f1_gr_201501-201512.nc
EC-Earth3,tas,r121i1p1f1,/gws/nopw/j04/canari/users/benhutch/historical/tas/EC-Earth3/regrid/tas_Amon_EC-Earth3_historical_r121i1p1f1_g?_1970-2014.nc_global_regrid.nc,/badc/cmip6/data/CMIP6/ScenarioMIP/EC-Earth-Consortium/EC-Earth3/ssp245/r121i1p1f1/Amon/tas/gr/files/d20210401/tas_Amon_EC-Earth3_ssp245_r121i1p1f1_gr_201501-201512.nc
EC-Earth3,tas,r125i1p1f1,/gws/nopw/j04/canari/users/benhutch/historical/tas/EC-Earth3/regrid/tas_Amon_EC-Earth3_historical_r125i1p1f1_g?_1970-2014.nc_global_regrid.nc,/badc/cmip6/data/CMIP6/ScenarioMIP/EC-Earth-Consortium/EC-Earth3/ssp245/r125i1p1f1/Amon/tas/gr/files/d20210401/tas_Amon_EC-Earth3_ssp245_r125i1p1f1_gr_201501-201512.nc
MPI-ESM1-2-LR,tas,r27i1p1f1,/gws/nopw/j04/canari/users/benhutch/historical/tas/MPI-ESM1-2-LR/regrid/tas_Amon_MPI-ESM1-2-LR_historical_r27i1p1f1_g?_1850-2014.nc_global_regrid.nc,/badc/cmip6/data/CMIP6/ScenarioMIP/MPI-M/MPI-ESM1-2-LR/ssp245/r27i1p1f1/Amon/tas/gn/files/d20210901/tas_Amon_MPI-ESM1-2-LR_ssp245_r27i1p1f1_gn_201501-203412.nc
MPI-ESM1-2-LR,tas,r17i1p1f1,/gws/nopw/j04/canari/users/benhutch/historical/tas/MPI-ESM1-2-LR/regrid/tas_Amon_MPI-ESM1-2-LR_historical_r17i1p1f1_g?_1850-2014.nc_global_regrid.nc,/badc/cmip6/data/CMIP6/ScenarioMIP/MPI-M/MPI-ESM1-2-LR/ssp245/r17i1p1f1/Amon/tas/gn/files/d20210901/tas_Amon_MPI-ESM1-2-LR_ssp245_r17i1p1f1_gn_201501-203412.nc
MPI-ESM1-2-LR,tas,r10i1p1f1,/gws/nopw/j04/canari/users/benhutch/historical/tas/MPI-ESM1-2-LR/regrid/tas_Amon_MPI-ESM1-2-LR_historical_r10i1p1f1_g?_1850-2014.nc_global_regrid.nc,/badc/cmip6/data/CMIP6/ScenarioMIP/MPI-M/MPI-ESM1-2-LR/ssp245/r10i1p1f1/Amon/tas/gn/files/d20190710/tas_Amon_MPI-ESM1-2-LR_ssp245_r10i1p1f1_gn_201501-203412.nc
MPI-ESM1-2-LR,tas,r22i1p1f1,/gws/nopw/j04/canari/users/benhutch/historical/tas/MPI-ESM1-2-LR/regrid/tas_Amon_MPI-ESM1-2-LR_historical_r22i1p1f1_g?_1850-2014.nc_global_regrid.nc,/badc/cmip6/data/CMIP6/ScenarioMIP/MPI-M/MPI-ESM1-2-LR/ssp245/r22i1p1f1/Amon/tas/gn/files/d20210901/tas_Amon_MPI-ESM1-2-LR_ssp245_r22i1p1f1_gn_201501-203412.nc
MPI-ESM1-2-LR,tas,r25i1p1f1,/gws/nopw/j04/canari/users/benhutch/historical/tas/MPI-ESM1-2-LR/regrid/tas_Amon_MPI-ESM1-2-LR_historical_r25i1p1f1_g?_1850-2014.nc_global_regrid.nc,/badc/cmip6/data/CMIP6/ScenarioMIP/MPI-M/MPI-ESM1-2-LR/ssp245/r25i1p1f1/Amon/tas/gn/files/d20210901/tas_Amon_MPI-ESM1-2-LR_ssp245_r25i1p1f1_gn_201501-203412.nc
MPI-ESM1-2-LR,tas,r26i1p1f1,/gws/nopw/j04/canari/users/benhutch/historical/tas/MPI-ESM1-2-LR/regrid/tas_Amon_MPI-ESM1-2-LR_historical_r26i1p1f1_g?_1850-2014.nc_global_regrid.nc,/badc/cmip6/data/CMIP6/ScenarioMIP/MPI-M/MPI-ESM1-2-LR/ssp245/r26i1p1f1/Amon/tas/gn/files/d20210901/tas_Amon_MPI-ESM1-2-LR_ssp245_r26i1p1f1_gn_201501-203412.nc
MPI-ESM1-2-LR,tas,r7i1p1f1,/gws/nopw/j04/canari/users/benhutch/historical/tas/MPI-ESM1-2-LR/regrid/tas_Amon_MPI-ESM1-2-LR_historical_r7i1p1f1_g?_1850-2014.nc_global_regrid.nc,/badc/cmip6/data/CMIP6/ScenarioMIP/MPI-M/MPI-ESM1-2-LR/ssp245/r7i1p1f1/Amon/tas/gn/files/d20190710/tas_Amon_MPI-ESM1-2-LR_ssp245_r7i1p1f1_gn_201501-203412.nc
MPI-ESM1-2-LR,tas,r16i1p1f1,/gws/nopw/j04/canari/users/benhutch/historical/tas/MPI-ESM1-2-LR/regrid/tas_Amon_MPI-ESM1-2-LR_historical_r16i1p1f1_g?_1850-2014.nc_global_regrid.nc,/badc/cmip6/data/CMIP6/ScenarioMIP/MPI-M/MPI-ESM1-2-LR/ssp245/r16i1p1f1/Amon/tas/gn/files/d20210901/tas_Amon_MPI-ESM1-2-LR_ssp245_r16i1p1f1_gn_201501-203412.nc
MPI-ESM1-2-LR,tas,r15i1p1f1,/gws/nopw/j04/canari/users/benhutch/historical/tas/MPI-ESM1-2-LR/regrid/tas_Amon_MPI-ESM1-2-LR_historical_r15i1p1f1_g?_1850-2014.nc_global_regrid.nc,/badc/cmip6/data/CMIP6/ScenarioMIP/MPI-M/MPI-ESM1-2-LR/ssp245/r15i1p1f1/Amon/tas/gn/files/d20210901/tas_Amon_MPI-ESM1-2-LR_ssp245_r15i1p1f1_gn_201501-203412.nc
MPI-ESM1-2-LR,tas,r13i1p1f1,/gws/nopw/j04/canari/users/benhutch/historical/tas/MPI-ESM1-2-LR/regrid/tas_Amon_MPI-ESM1-2-LR_historical_r13i1p1f1_g?_1850-2014.nc_global_regrid.nc,/badc/cmip6/data/CMIP6/ScenarioMIP/MPI-M/MPI-ESM1-2-LR/ssp245/r13i1p1f1/Amon/tas/gn/files/d20210901/tas_Amon_MPI-ESM1-2-LR_ssp245_r13i1p1f1_gn_201501-203412.nc
MPI-ESM1-2-LR,tas,r3i1p1f1,/gws/nopw/j04/canari/users/benhutch/historical/tas/MPI-ESM1-2-LR/regrid/tas_Amon_MPI-ESM1-2-LR_historical_r3i1p1f1_g?_1850-2014.nc_global_regrid.nc,/badc/cmip6/data/CMIP6/ScenarioMIP/MPI-M/MPI-ESM1-2-LR/ssp245/r3i1p1f1/Amon/tas/gn/files/d20190710/tas_Amon_MPI-ESM1-2-LR_ssp245_r3i1p1f1_gn_201501-203412.nc
MPI-ESM1-2-LR,tas,r18i1p1f1,/gws/nopw/j04/canari/users/benhutch/historical/tas/MPI-ESM1-2-LR/regrid/tas_Amon_MPI-ESM1-2-LR_historical_r18i1p1f1_g?_1850-2014.nc_global_regrid.nc,/badc/cmip6/data/CMIP6/ScenarioMIP/MPI-M/MPI-ESM1-2-LR/ssp245/r18i1p1f1/Amon/tas/gn/files/d20210901/tas_Amon_MPI-ESM1-2-LR_ssp245_r18i1p1f1_gn_201501-203412.nc
MPI-ESM1-2-LR,tas,r12i1p1f1,/gws/nopw/j04/canari/users/benhutch/historical/tas/MPI-ESM1-2-LR/regrid/tas_Amon_MPI-ESM1-2-LR_historical_r12i1p1f1_g?_1850-2014.nc_global_regrid.nc,/badc/cmip6/data/CMIP6/ScenarioMIP/MPI-M/MPI-ESM1-2-LR/ssp245/r12i1p1f1/Amon/tas/gn/files/d20210901/tas_Amon_MPI-ESM1-2-LR_ssp245_r12i1p1f1_gn_201501-203412.nc
MPI-ESM1-2-LR,tas,r4i1p1f1,/gws/nopw/j04/canari/users/benhutch/historical/tas/MPI-ESM1-2-LR/regrid/tas_Amon_MPI-ESM1-2-LR_historical_r4i1p1f1_g?_1850-2014.nc_global_regrid.nc,/badc/cmip6/data/CMIP6/ScenarioMIP/MPI-M/MPI-ESM1-2-LR/ssp245/r4i1p1f1/Amon/tas/gn/files/d20190710/tas_Amon_MPI-ESM1-2-LR_ssp245_r4i1p1f1_gn_201501-203412.nc
MPI-ESM1-2-LR,tas,r14i1p1f1,/gws/nopw/j04/canari/users/benhutch/historical/tas/MPI-ESM1-2-LR/regrid/tas_Amon_MPI-ESM1-2-LR_historical_r14i1p1f1_g?_1850-2014.nc_global_regrid.nc,/badc/cmip6/data/CMIP6/ScenarioMIP/MPI-M/MPI-ESM1-2-LR/ssp245/r14i1p1f1/Amon/tas/gn/files/d20210901/tas_Amon_MPI-ESM1-2-LR_ssp245_r14i1p1f1_gn_201501-203412.nc
MPI-ESM1-2-LR,tas,r8i1p1f1,/gws/nopw/j04/canari/users/benhutch/historical/tas/MPI-ESM1-2-LR/regrid/tas_Amon_MPI-ESM1-2-LR_historical_r8i1p1f1_g?_1850-2014.nc_global_regrid.nc,/badc/cmip6/data/CMIP6/ScenarioMIP/MPI-M/MPI-ESM1-2-LR/ssp245/r8i1p1f1/Amon/tas/gn/files/d20190710/tas_Amon_MPI-ESM1-2-LR_ssp245_r8i1p1f1_gn_201501-203412.nc
MPI-ESM1-2-LR,tas,r24i1p1f1,/gws/nopw/j04/canari/users/benhutch/historical/tas/MPI-ESM1-2-LR/regrid/tas_Amon_MPI-ESM1-2-LR_historical_r24i1p1f1_g?_1850-2014.nc_global_regrid.nc,/badc/cmip6/data/CMIP6/ScenarioMIP/MPI-M/MPI-ESM1-2-LR/ssp245/r24i1p1f1/Amon/tas/gn/files/d20210901/tas_Amon_MPI-ESM1-2-LR_ssp245_r24i1p1f1_gn_201501-203412.nc
MPI-ESM1-2-LR,tas,r28i1p1f1,/gws/nopw/j04/canari/users/benhutch/historical/tas/MPI-ESM1-2-LR/regrid/tas_Amon_MPI-ESM1-2-LR_historical_r28i1p1f1_g?_1850-2014.nc_global_regrid.nc,/badc/cmip6/data/CMIP6/ScenarioMIP/MPI-M/MPI-ESM1-2-LR/ssp245/r28i1p1f1/Amon/tas/gn/files/d20210901/tas_Amon_MPI-ESM1-2-LR_ssp245_r28i1p1f1_gn_201501-203412.nc
MPI-ESM1-2-LR,tas,r2i1p1f1,/gws/nopw/j04/canari/users/benhutch/historical/tas/MPI-ESM1-2-LR/regrid/tas_Amon_MPI-ESM1-2-LR_historical_r2i1p1f1_g?_1850-2014.nc_global_regrid.nc,/badc/cmip6/data/CMIP6/ScenarioMIP/MPI-M/MPI-ESM1-2-LR/ssp245/r2i1p1f1/Amon/tas/gn/files/d20190710/tas_Amon_MPI-ESM1-2-LR_ssp245_r2i1p1f1_gn_201501-203412.nc
MPI-ESM1-2-LR,tas,r1i1p1f1,/gws/nopw/j04/canari/users/benhutch/historical/tas/MPI-ESM1-2-LR/regrid/tas_Amon_MPI-ESM1-2-LR_historical_r1i1p1f1_g?_1850-2014.nc_global_regrid.nc,/badc/cmip6/data/CMIP6/ScenarioMIP/MPI-M/MPI-ESM1-2-LR/ssp245/r1i1p1f1/Amon/tas/gn/files/d20190710/tas_Amon_MPI-ESM1-2-LR_ssp245_r1i1p1f1_gn_201501-203412.nc
MPI-ESM1-2-LR,tas,r30i1p1f1,/gws/nopw/j04/canari/users/benhutch/historical/tas/MPI-ESM1-2-LR/regrid/tas_Amon_MPI-ESM1-2-LR_historical_r30i1p1f1_g?_1850-2014.nc_global_regrid.nc,/badc/cmip6/data/CMIP6/ScenarioMIP/MPI-M/MPI-ESM1-2-LR/ssp245/r30i1p1f1/Amon/tas/gn/files/d20210901/tas_Amon_MPI-ESM1-2-LR_ssp245_r30i1p1f1_gn_201501-203412.nc
MPI-ESM1-2-LR,tas,r21i1p1f1,/gws/nopw/j04/canari/users/benhutch/historical/tas/MPI-ESM1-2-LR/regrid/tas_Amon_MPI-ESM1-2-LR_historical_r21i1p1f1_g?_1850-2014.nc_global_regrid.nc,/badc/cmip6/data/CMIP6/ScenarioMIP/MPI-M/MPI-ESM1-2-LR/ssp245/r21i1p1f1/Amon/tas/gn/files/d20210901/tas_Amon_MPI-ESM1-2-LR_ssp245_r21i1p1f1_gn_201501-203412.nc
MPI-ESM1-2-LR,tas,r23i1p1f1,/gws/nopw/j04/canari/users/benhutch/historical/tas/MPI-ESM1-2-LR/regrid/tas_Amon_MPI-ESM1-2-LR_historical_r23i1p1f1_g?_1850-2014.nc_global_regrid.nc,/badc/cmip6/data/CMIP6/ScenarioMIP/MPI-M/MPI-ESM1-2-LR/ssp245/r23i1p1f1/Amon/tas/gn/files/d20210901/tas_Amon_MPI-ESM1-2-LR_ssp245_r23i1p1f1_gn_201501-203412.nc
MPI-ESM1-2-LR,tas,r6i1p1f1,/gws/nopw/j04/canari/users/benhutch/historical/tas/MPI-ESM1-2-LR/regrid/tas_Amon_MPI-ESM1-2-LR_historical_r6i1p1f1_g?_1850-2014.nc_global_regrid.nc,/badc/cmip6/data/CMIP6/ScenarioMIP/MPI-M/MPI-ESM1-2-LR/ssp245/r6i1p1f1/Amon/tas/gn/files/d20190710/tas_Amon_MPI-ESM1-2-LR_ssp245_r6i1p1f1_gn_201501-203412.nc
MPI-ESM1-2-LR,tas,r9i1p1f1,/gws/nopw/j04/canari/users/benhutch/historical/tas/MPI-ESM1-2-LR/regrid/tas_Amon_MPI-ESM1-2-LR_historical_r9i1p1f1_g?_1850-2014.nc_global_regrid.nc,/badc/cmip6/data/CMIP6/ScenarioMIP/MPI-M/MPI-ESM1-2-LR/ssp245/r9i1p1f1/Amon/tas/gn/files/d20190710/tas_Amon_MPI-ESM1-2-LR_ssp245_r9i1p1f1_gn_201501-203412.nc
MPI-ESM1-2-LR,tas,r5i1p1f1,/gws/nopw/j04/canari/users/benhutch/historical/tas/MPI-ESM1-2-LR/regrid/tas_Amon_MPI-ESM1-2-LR_historical_r5i1p1f1_g?_1850-2014.nc_global_regrid.nc,/badc/cmip6/data/CMIP6/ScenarioMIP/MPI-M/MPI-ESM1-2-LR/ssp245/r5i1p1f1/Amon/tas/gn/files/d20190710/tas_Amon_MPI-ESM1-2-LR_ssp245_r5i1p1f1_gn_201501-203412.nc
MPI-ESM1-2-LR,tas,r19i1p1f1,/gws/nopw/j04/canari/users/benhutch/historical/tas/MPI-ESM1-2-LR/regrid/tas_Amon_MPI-ESM1-2-LR_historical_r19i1p1f1_g?_1850-2014.nc_global_regrid.nc,/badc/cmip6/data/CMIP6/ScenarioMIP/MPI-M/MPI-ESM1-2-LR/ssp245/r19i1p1f1/Amon/tas/gn/files/d20210901/tas_Amon_MPI-ESM1-2-LR_ssp245_r19i1p1f1_gn_201501-203412.nc
MPI-ESM1-2-LR,tas,r20i1p1f1,/gws/nopw/j04/canari/users/benhutch/historical/tas/MPI-ESM1-2-LR/regrid/tas_Amon_MPI-ESM1-2-LR_historical_r20i1p1f1_g?_1850-2014.nc_global_regrid.nc,/badc/cmip6/data/CMIP6/ScenarioMIP/MPI-M/MPI-ESM1-2-LR/ssp245/r20i1p1f1/Amon/tas/gn/files/d20210901/tas_Amon_MPI-ESM1-2-LR_ssp245_r20i1p1f1_gn_201501-203412.nc
MPI-ESM1-2-LR,tas,r29i1p1f1,/gws/nopw/j04/canari/users/benhutch/historical/tas/MPI-ESM1-2-LR/regrid/tas_Amon_MPI-ESM1-2-LR_historical_r29i1p1f1_g?_1850-2014.nc_global_regrid.nc,/badc/cmip6/data/CMIP6/ScenarioMIP/MPI-M/MPI-ESM1-2-LR/ssp245/r29i1p1f1/Amon/tas/gn/files/d20210901/tas_Amon_MPI-ESM1-2-LR_ssp245_r29i1p1f1_gn_201501-203412.nc
MPI-ESM1-2-LR,tas,r11i1p1f1,/gws/nopw/j04/canari/users/benhutch/historical/tas/MPI-ESM1-2-LR/regrid/tas_Amon_MPI-ESM1-2-LR_historical_r11i1p1f1_g?_1850-2014.nc_global_regrid.nc,/badc/cmip6/data/CMIP6/ScenarioMIP/MPI-M/MPI-ESM1-2-LR/ssp245/r11i1p1f1/Amon/tas/gn/files/d20210901/tas_Amon_MPI-ESM1-2-LR_ssp245_r11i1p1f1_gn_201501-203412.nc
FGOALS-f3-L,tas,r1i1p1f1,/gws/nopw/j04/canari/users/benhutch/historical/tas/FGOALS-f3-L/regrid/tas_Amon_FGOALS-f3-L_historical_r1i1p1f1_gr_185001-201412.nc_global_regrid.nc,/badc/cmip6/data/CMIP6/ScenarioMIP/CAS/FGOALS-f3-L/ssp245/r1i1p1f1/Amon/tas/gr/files/d20191013/tas_Amon_FGOALS-f3-L_ssp245_r1i1p1f1_gr_201501-210012.nc
MIROC6,tas,r41i1p1f1,/gws/nopw/j04/canari/users/benhutch/historical/tas/MIROC6/regrid/tas_Amon_MIROC6_historical_r41i1p1f1_g?_1850-2014.nc_global_regrid.nc,/badc/cmip6/data/CMIP6/ScenarioMIP/MIROC/MIROC6/ssp245/r41i1p1f1/Amon/tas/gn/files/d20210917/tas_Amon_MIROC6_ssp245_r41i1p1f1_gn_201501-203912.nc
MIROC6,tas,r43i1p1f1,/gws/nopw/j04/canari/users/benhutch/historical/tas/MIROC6/regrid/tas_Amon_MIROC6_historical_r43i1p1f1_g?_1850-2014.nc_global_regrid.nc,/badc/cmip6/data/CMIP6/ScenarioMIP/MIROC/MIROC6/ssp245/r43i1p1f1/Amon/tas/gn/files/d20210917/tas_Amon_MIROC6_ssp245_r43i1p1f1_gn_201501-203912.nc
MIROC6,tas,r27i1p1f1,/gws/nopw/j04/canari/users/benhutch/historical/tas/MIROC6/regrid/tas_Amon_MIROC6_historical_r27i1p1f1_g?_1850-2014.nc_global_regrid.nc,/badc/cmip6/data/CMIP6/ScenarioMIP/MIROC/MIROC6/ssp245/r27i1p1f1/Amon/tas/gn/files/d20210917/tas_Amon_MIROC6_ssp245_r27i1p1f1_gn_201501-203912.nc
MIROC6,tas,r17i1p1f1,/gws/nopw/j04/canari/users/benhutch/historical/tas/MIROC6/regrid/tas_Amon_MIROC6_historical_r17i1p1f1_g?_1850-2014.nc_global_regrid.nc,/badc/cmip6/data/CMIP6/ScenarioMIP/MIROC/MIROC6/ssp245/r17i1p1f1/Amon/tas/gn/files/d20220630/tas_Amon_MIROC6_ssp245_r17i1p1f1_gn_201501-203912.nc
MIROC6,tas,r10i1p1f1,/gws/nopw/j04/canari/users/benhutch/historical/tas/MIROC6/regrid/tas_Amon_MIROC6_historical_r10i1p1f1_g?_1850-2014.nc_global_regrid.nc,/badc/cmip6/data/CMIP6/ScenarioMIP/MIROC/MIROC6/ssp245/r10i1p1f1/Amon/tas/gn/files/d20220630/tas_Amon_MIROC6_ssp245_r10i1p1f1_gn_201501-203912.nc
MIROC6,tas,r22i1p1f1,/gws/nopw/j04/canari/users/benhutch/historical/tas/MIROC6/regrid/tas_Amon_MIROC6_historical_r22i1p1f1_g?_1850-2014.nc_global_regrid.nc,/badc/cmip6/data/CMIP6/ScenarioMIP/MIROC/MIROC6/ssp245/r22i1p1f1/Amon/tas/gn/files/d20210917/tas_Amon_MIROC6_ssp245_r22i1p1f1_gn_201501-203912.nc
MIROC6,tas,r25i1p1f1,/gws/nopw/j04/canari/users/benhutch/historical/tas/MIROC6/regrid/tas_Amon_MIROC6_historical_r25i1p1f1_g?_1850-2014.nc_global_regrid.nc,/badc/cmip6/data/CMIP6/ScenarioMIP/MIROC/MIROC6/ssp245/r25i1p1f1/Amon/tas/gn/files/d20210917/tas_Amon_MIROC6_ssp245_r25i1p1f1_gn_201501-203912.nc
MIROC6,tas,r36i1p1f1,/gws/nopw/j04/canari/users/benhutch/historical/tas/MIROC6/regrid/tas_Amon_MIROC6_historical_r36i1p1f1_g?_1850-2014.nc_global_regrid.nc,/badc/cmip6/data/CMIP6/ScenarioMIP/MIROC/MIROC6/ssp245/r36i1p1f1/Amon/tas/gn/files/d20210917/tas_Amon_MIROC6_ssp245_r36i1p1f1_gn_201501-203912.nc
MIROC6,tas,r26i1p1f1,/gws/nopw/j04/canari/users/benhutch/historical/tas/MIROC6/regrid/tas_Amon_MIROC6_historical_r26i1p1f1_g?_1850-2014.nc_global_regrid.nc,/badc/cmip6/data/CMIP6/ScenarioMIP/MIROC/MIROC6/ssp245/r26i1p1f1/Amon/tas/gn/files/d20210917/tas_Amon_MIROC6_ssp245_r26i1p1f1_gn_201501-203912.nc
MIROC6,tas,r7i1p1f1,/gws/nopw/j04/canari/users/benhutch/historical/tas/MIROC6/regrid/tas_Amon_MIROC6_historical_r7i1p1f1_g?_1850-2014.nc_global_regrid.nc,/badc/cmip6/data/CMIP6/ScenarioMIP/MIROC/MIROC6/ssp245/r7i1p1f1/Amon/tas/gn/files/d20220630/tas_Amon_MIROC6_ssp245_r7i1p1f1_gn_201501-203912.nc
MIROC6,tas,r16i1p1f1,/gws/nopw/j04/canari/users/benhutch/historical/tas/MIROC6/regrid/tas_Amon_MIROC6_historical_r16i1p1f1_g?_1850-2014.nc_global_regrid.nc,/badc/cmip6/data/CMIP6/ScenarioMIP/MIROC/MIROC6/ssp245/r16i1p1f1/Amon/tas/gn/files/d20220630/tas_Amon_MIROC6_ssp245_r16i1p1f1_gn_201501-203912.nc
MIROC6,tas,r39i1p1f1,/gws/nopw/j04/canari/users/benhutch/historical/tas/MIROC6/regrid/tas_Amon_MIROC6_historical_r39i1p1f1_g?_1850-2014.nc_global_regrid.nc,/badc/cmip6/data/CMIP6/ScenarioMIP/MIROC/MIROC6/ssp245/r39i1p1f1/Amon/tas/gn/files/d20210917/tas_Amon_MIROC6_ssp245_r39i1p1f1_gn_201501-203912.nc
MIROC6,tas,r15i1p1f1,/gws/nopw/j04/canari/users/benhutch/historical/tas/MIROC6/regrid/tas_Amon_MIROC6_historical_r15i1p1f1_g?_1850-2014.nc_global_regrid.nc,/badc/cmip6/data/CMIP6/ScenarioMIP/MIROC/MIROC6/ssp245/r15i1p1f1/Amon/tas/gn/files/d20220630/tas_Amon_MIROC6_ssp245_r15i1p1f1_gn_201501-203912.nc
MIROC6,tas,r50i1p1f1,/gws/nopw/j04/canari/users/benhutch/historical/tas/MIROC6/regrid/tas_Amon_MIROC6_historical_r50i1p1f1_g?_1850-2014.nc_global_regrid.nc,/badc/cmip6/data/CMIP6/ScenarioMIP/MIROC/MIROC6/ssp245/r50i1p1f1/Amon/tas/gn/files/d20210917/tas_Amon_MIROC6_ssp245_r50i1p1f1_gn_201501-203912.nc
MIROC6,tas,r13i1p1f1,/gws/nopw/j04/canari/users/benhutch/historical/tas/MIROC6/regrid/tas_Amon_MIROC6_historical_r13i1p1f1_g?_1850-2014.nc_global_regrid.nc,/badc/cmip6/data/CMIP6/ScenarioMIP/MIROC/MIROC6/ssp245/r13i1p1f1/Amon/tas/gn/files/d20220630/tas_Amon_MIROC6_ssp245_r13i1p1f1_gn_201501-203912.nc
MIROC6,tas,r3i1p1f1,/gws/nopw/j04/canari/users/benhutch/historical/tas/MIROC6/regrid/tas_Amon_MIROC6_historical_r3i1p1f1_g?_1850-2014.nc_global_regrid.nc,/badc/cmip6/data/CMIP6/ScenarioMIP/MIROC/MIROC6/ssp245/r3i1p1f1/Amon/tas/gn/files/d20190627/tas_Amon_MIROC6_ssp245_r3i1p1f1_gn_201501-210012.nc
MIROC6,tas,r32i1p1f1,/gws/nopw/j04/canari/users/benhutch/historical/tas/MIROC6/regrid/tas_Amon_MIROC6_historical_r32i1p1f1_g?_1850-2014.nc_global_regrid.nc,/badc/cmip6/data/CMIP6/ScenarioMIP/MIROC/MIROC6/ssp245/r32i1p1f1/Amon/tas/gn/files/d20210917/tas_Amon_MIROC6_ssp245_r32i1p1f1_gn_201501-203912.nc
MIROC6,tas,r31i1p1f1,/gws/nopw/j04/canari/users/benhutch/historical/tas/MIROC6/regrid/tas_Amon_MIROC6_historical_r31i1p1f1_g?_1850-2014.nc_global_regrid.nc,/badc/cmip6/data/CMIP6/ScenarioMIP/MIROC/MIROC6/ssp245/r31i1p1f1/Amon/tas/gn/files/d20210917/tas_Amon_MIROC6_ssp245_r31i1p1f1_gn_201501-203912.nc
MIROC6,tas,r34i1p1f1,/gws/nopw/j04/canari/users/benhutch/historical/tas/MIROC6/regrid/tas_Amon_MIROC6_historical_r34i1p1f1_g?_1850-2014.nc_global_regrid.nc,/badc/cmip6/data/CMIP6/ScenarioMIP/MIROC/MIROC6/ssp245/r34i1p1f1/Amon/tas/gn/files/d20210917/tas_Amon_MIROC6_ssp245_r34i1p1f1_gn_201501-203912.nc
MIROC6,tas,r35i1p1f1,/gws/nopw/j04/canari/users/benhutch/historical/tas/MIROC6/regrid/tas_Amon_MIROC6_historical_r35i1p1f1_g?_1850-2014.nc_global_regrid.nc,/badc/cmip6/data/CMIP6/ScenarioMIP/MIROC/MIROC6/ssp245/r35i1p1f1/Amon/tas/gn/files/d20210917/tas_Amon_MIROC6_ssp245_r35i1p1f1_gn_201501-203912.nc
MIROC6,tas,r37i1p1f1,/gws/nopw/j04/canari/users/benhutch/historical/tas/MIROC6/regrid/tas_Amon_MIROC6_historical_r37i1p1f1_g?_1850-2014.nc_global_regrid.nc,/badc/cmip6/data/CMIP6/ScenarioMIP/MIROC/MIROC6/ssp245/r37i1p1f1/Amon/tas/gn/files/d20210917/tas_Amon_MIROC6_ssp245_r37i1p1f1_gn_201501-203912.nc
MIROC6,tas,r45i1p1f1,/gws/nopw/j04/canari/users/benhutch/historical/tas/MIROC6/regrid/tas_Amon_MIROC6_historical_r45i1p1f1_g?_1850-2014.nc_global_regrid.nc,/badc/cmip6/data/CMIP6/ScenarioMIP/MIROC/MIROC6/ssp245/r45i1p1f1/Amon/tas/gn/files/d20210917/tas_Amon_MIROC6_ssp245_r45i1p1f1_gn_201501-203912.nc
MIROC6,tas,r33i1p1f1,/gws/nopw/j04/canari/users/benhutch/historical/tas/MIROC6/regrid/tas_Amon_MIROC6_historical_r33i1p1f1_g?_1850-2014.nc_global_regrid.nc,/badc/cmip6/data/CMIP6/ScenarioMIP/MIROC/MIROC6/ssp245/r33i1p1f1/Amon/tas/gn/files/d20210917/tas_Amon_MIROC6_ssp245_r33i1p1f1_gn_201501-203912.nc
MIROC6,tas,r18i1p1f1,/gws/nopw/j04/canari/users/benhutch/historical/tas/MIROC6/regrid/tas_Amon_MIROC6_historical_r18i1p1f1_g?_1850-2014.nc_global_regrid.nc,/badc/cmip6/data/CMIP6/ScenarioMIP/MIROC/MIROC6/ssp245/r18i1p1f1/Amon/tas/gn/files/d20220630/tas_Amon_MIROC6_ssp245_r18i1p1f1_gn_201501-203912.nc
MIROC6,tas,r12i1p1f1,/gws/nopw/j04/canari/users/benhutch/historical/tas/MIROC6/regrid/tas_Amon_MIROC6_historical_r12i1p1f1_g?_1850-2014.nc_global_regrid.nc,/badc/cmip6/data/CMIP6/ScenarioMIP/MIROC/MIROC6/ssp245/r12i1p1f1/Amon/tas/gn/files/d20220630/tas_Amon_MIROC6_ssp245_r12i1p1f1_gn_201501-203912.nc
MIROC6,tas,r4i1p1f1,/gws/nopw/j04/canari/users/benhutch/historical/tas/MIROC6/regrid/tas_Amon_MIROC6_historical_r4i1p1f1_g?_1850-2014.nc_global_regrid.nc,/badc/cmip6/data/CMIP6/ScenarioMIP/MIROC/MIROC6/ssp245/r4i1p1f1/Amon/tas/gn/files/d20220630/tas_Amon_MIROC6_ssp245_r4i1p1f1_gn_201501-203912.nc
MIROC6,tas,r14i1p1f1,/gws/nopw/j04/canari/users/benhutch/historical/tas/MIROC6/regrid/tas_Amon_MIROC6_historical_r14i1p1f1_g?_1850-2014.nc_global_regrid.nc,/badc/cmip6/data/CMIP6/ScenarioMIP/MIROC/MIROC6/ssp245/r14i1p1f1/Amon/tas/gn/files/d20220630/tas_Amon_MIROC6_ssp245_r14i1p1f1_gn_201501-203912.nc
MIROC6,tas,r8i1p1f1,/gws/nopw/j04/canari/users/benhutch/historical/tas/MIROC6/regrid/tas_Amon_MIROC6_historical_r8i1p1f1_g?_1850-2014.nc_global_regrid.nc,/badc/cmip6/data/CMIP6/ScenarioMIP/MIROC/MIROC6/ssp245/r8i1p1f1/Amon/tas/gn/files/d20220630/tas_Amon_MIROC6_ssp245_r8i1p1f1_gn_201501-203912.nc
MIROC6,tas,r24i1p1f1,/gws/nopw/j04/canari/users/benhutch/historical/tas/MIROC6/regrid/tas_Amon_MIROC6_historical_r24i1p1f1_g?_1850-2014.nc_global_regrid.nc,/badc/cmip6/data/CMIP6/ScenarioMIP/MIROC/MIROC6/ssp245/r24i1p1f1/Amon/tas/gn/files/d20210917/tas_Amon_MIROC6_ssp245_r24i1p1f1_gn_201501-203912.nc
MIROC6,tas,r28i1p1f1,/gws/nopw/j04/canari/users/benhutch/historical/tas/MIROC6/regrid/tas_Amon_MIROC6_historical_r28i1p1f1_g?_1850-2014.nc_global_regrid.nc,/badc/cmip6/data/CMIP6/ScenarioMIP/MIROC/MIROC6/ssp245/r28i1p1f1/Amon/tas/gn/files/d20210917/tas_Amon_MIROC6_ssp245_r28i1p1f1_gn_201501-203912.nc
MIROC6,tas,r46i1p1f1,/gws/nopw/j04/canari/users/benhutch/historical/tas/MIROC6/regrid/tas_Amon_MIROC6_historical_r46i1p1f1_g?_1850-2014.nc_global_regrid.nc,/badc/cmip6/data/CMIP6/ScenarioMIP/MIROC/MIROC6/ssp245/r46i1p1f1/Amon/tas/gn/files/d20210917/tas_Amon_MIROC6_ssp245_r46i1p1f1_gn_201501-203912.nc
MIROC6,tas,r40i1p1f1,/gws/nopw/j04/canari/users/benhutch/historical/tas/MIROC6/regrid/tas_Amon_MIROC6_historical_r40i1p1f1_g?_1850-2014.nc_global_regrid.nc,/badc/cmip6/data/CMIP6/ScenarioMIP/MIROC/MIROC6/ssp245/r40i1p1f1/Amon/tas/gn/files/d20210917/tas_Amon_MIROC6_ssp245_r40i1p1f1_gn_201501-203912.nc
MIROC6,tas,r2i1p1f1,/gws/nopw/j04/canari/users/benhutch/historical/tas/MIROC6/regrid/tas_Amon_MIROC6_historical_r2i1p1f1_g?_1850-2014.nc_global_regrid.nc,/badc/cmip6/data/CMIP6/ScenarioMIP/MIROC/MIROC6/ssp245/r2i1p1f1/Amon/tas/gn/files/d20190627/tas_Amon_MIROC6_ssp245_r2i1p1f1_gn_201501-210012.nc
MIROC6,tas,r1i1p1f1,/gws/nopw/j04/canari/users/benhutch/historical/tas/MIROC6/regrid/tas_Amon_MIROC6_historical_r1i1p1f1_g?_1850-2014.nc_global_regrid.nc,/badc/cmip6/data/CMIP6/ScenarioMIP/MIROC/MIROC6/ssp245/r1i1p1f1/Amon/tas/gn/files/d20190627/tas_Amon_MIROC6_ssp245_r1i1p1f1_gn_201501-210012.nc
MIROC6,tas,r30i1p1f1,/gws/nopw/j04/canari/users/benhutch/historical/tas/MIROC6/regrid/tas_Amon_MIROC6_historical_r30i1p1f1_g?_1850-2014.nc_global_regrid.nc,/badc/cmip6/data/CMIP6/ScenarioMIP/MIROC/MIROC6/ssp245/r30i1p1f1/Amon/tas/gn/files/d20210917/tas_Amon_MIROC6_ssp245_r30i1p1f1_gn_201501-203912.nc
MIROC6,tas,r21i1p1f1,/gws/nopw/j04/canari/users/benhutch/historical/tas/MIROC6/regrid/tas_Amon_MIROC6_historical_r21i1p1f1_g?_1850-2014.nc_global_regrid.nc,/badc/cmip6/data/CMIP6/ScenarioMIP/MIROC/MIROC6/ssp245/r21i1p1f1/Amon/tas/gn/files/d20210917/tas_Amon_MIROC6_ssp245_r21i1p1f1_gn_201501-203912.nc
MIROC6,tas,r23i1p1f1,/gws/nopw/j04/canari/users/benhutch/historical/tas/MIROC6/regrid/tas_Amon_MIROC6_historical_r23i1p1f1_g?_1850-2014.nc_global_regrid.nc,/badc/cmip6/data/CMIP6/ScenarioMIP/MIROC/MIROC6/ssp245/r23i1p1f1/Amon/tas/gn/files/d20210917/tas_Amon_MIROC6_ssp245_r23i1p1f1_gn_201501-203912.nc
MIROC6,tas,r48i1p1f1,/gws/nopw/j04/canari/users/benhutch/historical/tas/MIROC6/regrid/tas_Amon_MIROC6_historical_r48i1p1f1_g?_1850-2014.nc_global_regrid.nc,/badc/cmip6/data/CMIP6/ScenarioMIP/MIROC/MIROC6/ssp245/r48i1p1f1/Amon/tas/gn/files/d20210917/tas_Amon_MIROC6_ssp245_r48i1p1f1_gn_201501-203912.nc
MIROC6,tas,r38i1p1f1,/gws/nopw/j04/canari/users/benhutch/historical/tas/MIROC6/regrid/tas_Amon_MIROC6_historical_r38i1p1f1_g?_1850-2014.nc_global_regrid.nc,/badc/cmip6/data/CMIP6/ScenarioMIP/MIROC/MIROC6/ssp245/r38i1p1f1/Amon/tas/gn/files/d20210917/tas_Amon_MIROC6_ssp245_r38i1p1f1_gn_201501-203912.nc
MIROC6,tas,r6i1p1f1,/gws/nopw/j04/canari/users/benhutch/historical/tas/MIROC6/regrid/tas_Amon_MIROC6_historical_r6i1p1f1_g?_1850-2014.nc_global_regrid.nc,/badc/cmip6/data/CMIP6/ScenarioMIP/MIROC/MIROC6/ssp245/r6i1p1f1/Amon/tas/gn/files/d20220630/tas_Amon_MIROC6_ssp245_r6i1p1f1_gn_201501-203912.nc
MIROC6,tas,r9i1p1f1,/gws/nopw/j04/canari/users/benhutch/historical/tas/MIROC6/regrid/tas_Amon_MIROC6_historical_r9i1p1f1_g?_1850-2014.nc_global_regrid.nc,/badc/cmip6/data/CMIP6/ScenarioMIP/MIROC/MIROC6/ssp245/r9i1p1f1/Amon/tas/gn/files/d20220630/tas_Amon_MIROC6_ssp245_r9i1p1f1_gn_201501-203912.nc
MIROC6,tas,r5i1p1f1,/gws/nopw/j04/canari/users/benhutch/historical/tas/MIROC6/regrid/tas_Amon_MIROC6_historical_r5i1p1f1_g?_1850-2014.nc_global_regrid.nc,/badc/cmip6/data/CMIP6/ScenarioMIP/MIROC/MIROC6/ssp245/r5i1p1f1/Amon/tas/gn/files/d20220630/tas_Amon_MIROC6_ssp245_r5i1p1f1_gn_201501-203912.nc
MIROC6,tas,r47i1p1f1,/gws/nopw/j04/canari/users/benhutch/historical/tas/MIROC6/regrid/tas_Amon_MIROC6_historical_r47i1p1f1_g?_1850-2014.nc_global_regrid.nc,/badc/cmip6/data/CMIP6/ScenarioMIP/MIROC/MIROC6/ssp245/r47i1p1f1/Amon/tas/gn/files/d20210917/tas_Amon_MIROC6_ssp245_r47i1p1f1_gn_201501-203912.nc
MIROC6,tas,r19i1p1f1,/gws/nopw/j04/canari/users/benhutch/historical/tas/MIROC6/regrid/tas_Amon_MIROC6_historical_r19i1p1f1_g?_1850-2014.nc_global_regrid.nc,/badc/cmip6/data/CMIP6/ScenarioMIP/MIROC/MIROC6/ssp245/r19i1p1f1/Amon/tas/gn/files/d20220630/tas_Amon_MIROC6_ssp245_r19i1p1f1_gn_201501-203912.nc
MIROC6,tas,r49i1p1f1,/gws/nopw/j04/canari/users/benhutch/historical/tas/MIROC6/regrid/tas_Amon_MIROC6_historical_r49i1p1f1_g?_1850-2014.nc_global_regrid.nc,/badc/cmip6/data/CMIP6/ScenarioMIP/MIROC/MIROC6/ssp245/r49i1p1f1/Amon/tas/gn/files/d20210917/tas_Amon_MIROC6_ssp245_r49i1p1f1_gn_201501-203912.nc
MIROC6,tas,r20i1p1f1,/gws/nopw/j04/canari/users/benhutch/historical/tas/MIROC6/regrid/tas_Amon_MIROC6_historical_r20i1p1f1_g?_1850-2014.nc_global_regrid.nc,/badc/cmip6/data/CMIP6/ScenarioMIP/MIROC/MIROC6/ssp245/r20i1p1f1/Amon/tas/gn/files/d20220630/tas_Amon_MIROC6_ssp245_r20i1p1f1_gn_201501-203912.nc
MIROC6,tas,r29i1p1f1,/gws/nopw/j04/canari/users/benhutch/historical/tas/MIROC6/regrid/tas_Amon_MIROC6_historical_r29i1p1f1_g?_1850-2014.nc_global_regrid.nc,/badc/cmip6/data/CMIP6/ScenarioMIP/MIROC/MIROC6/ssp245/r29i1p1f1/Amon/tas/gn/files/d20210917/tas_Amon_MIROC6_ssp245_r29i1p1f1_gn_201501-203912.nc
MIROC6,tas,r44i1p1f1,/gws/nopw/j04/canari/users/benhutch/historical/tas/MIROC6/regrid/tas_Amon_MIROC6_historical_r44i1p1f1_g?_1850-2014.nc_global_regrid.nc,/badc/cmip6/data/CMIP6/ScenarioMIP/MIROC/MIROC6/ssp245/r44i1p1f1/Amon/tas/gn/files/d20210917/tas_Amon_MIROC6_ssp245_r44i1p1f1_gn_201501-203912.nc
MIROC6,tas,r42i1p1f1,/gws/nopw/j04/canari/users/benhutch/historical/tas/MIROC6/regrid/tas_Amon_MIROC6_historical_r42i1p1f1_g?_1850-2014.nc_global_regrid.nc,/badc/cmip6/data/CMIP6/ScenarioMIP/MIROC/MIROC6/ssp245/r42i1p1f1/Amon/tas/gn/files/d20210917/tas_Amon_MIROC6_ssp245_r42i1p1f1_gn_201501-203912.nc
MIROC6,tas,r11i1p1f1,/gws/nopw/j04/canari/users/benhutch/historical/tas/MIROC6/regrid/tas_Amon_MIROC6_historical_r11i1p1f1_g?_1850-2014.nc_global_regrid.nc,/badc/cmip6/data/CMIP6/ScenarioMIP/MIROC/MIROC6/ssp245/r11i1p1f1/Amon/tas/gn/files/d20220630/tas_Amon_MIROC6_ssp245_r11i1p1f1_gn_201501-203912.nc
IPSL-CM6A-LR,tas,r6i1p1f1,/gws/nopw/j04/canari/users/benhutch/historical/tas/IPSL-CM6A-LR/regrid/tas_Amon_IPSL-CM6A-LR_historical_r6i1p1f1_gr_185001-201412.nc_global_regrid.nc,/badc/cmip6/data/CMIP6/ScenarioMIP/IPSL/IPSL-CM6A-LR/ssp245/r6i1p1f1/Amon/tas/gr/files/d20191121/tas_Amon_IPSL-CM6A-LR_ssp245_r6i1p1f1_gr_201501-210012.nc
IPSL-CM6A-LR,tas,r4i1p1f1,/gws/nopw/j04/canari/users/benhutch/historical/tas/IPSL-CM6A-LR/regrid/tas_Amon_IPSL-CM6A-LR_historical_r4i1p1f1_gr_185001-201412.nc_global_regrid.nc,/badc/cmip6/data/CMIP6/ScenarioMIP/IPSL/IPSL-CM6A-LR/ssp245/r4i1p1f1/Amon/tas/gr/files/d20191121/tas_Amon_IPSL-CM6A-LR_ssp245_r4i1p1f1_gr_201501-210012.nc
IPSL-CM6A-LR,tas,r5i1p1f1,/gws/nopw/j04/canari/users/benhutch/historical/tas/IPSL-CM6A-LR/regrid/tas_Amon_IPSL-CM6A-LR_historical_r5i1p1f1_gr_185001-201412.nc_global_regrid.nc,/badc/cmip6/data/CMIP6/ScenarioMIP/IPSL/IPSL-CM6A-LR/ssp245/r5i1p1f1/Amon/tas/gr/files/d20191003/tas_Amon_IPSL-CM6A-LR_ssp245_r5i1p1f1_gr_201501-210012.nc
IPSL-CM6A-LR,tas,r2i1p1f1,/gws/nopw/j04/canari/users/benhutch/historical/tas/IPSL-CM6A-LR/regrid/tas_Amon_IPSL-CM6A-LR_historical_r2i1p1f1_gr_185001-201412.nc_global_regrid.nc,/badc/cmip6/data/CMIP6/ScenarioMIP/IPSL/IPSL-CM6A-LR/ssp245/r2i1p1f1/Amon/tas/gr/files/d20190516/tas_Amon_IPSL-CM6A-LR_ssp245_r2i1p1f1_gr_201501-210012.nc
IPSL-CM6A-LR,tas,r3i1p1f1,/gws/nopw/j04/canari/users/benhutch/historical/tas/IPSL-CM6A-LR/regrid/tas_Amon_IPSL-CM6A-LR_historical_r3i1p1f1_gr_185001-201412.nc_global_regrid.nc,/badc/cmip6/data/CMIP6/ScenarioMIP/IPSL/IPSL-CM6A-LR/ssp245/r3i1p1f1/Amon/tas/gr/files/d20191121/tas_Amon_IPSL-CM6A-LR_ssp245_r3i1p1f1_gr_201501-210012.nc
IPSL-CM6A-LR,tas,r1i1p1f1,/gws/nopw/j04/canari/users/benhutch/historical/tas/IPSL-CM6A-LR/regrid/tas_Amon_IPSL-CM6A-LR_historical_r1i1p1f1_gr_185001-201412.nc_global_regrid.nc,/badc/cmip6/data/CMIP6/ScenarioMIP/IPSL/IPSL-CM6A-LR/ssp245/r1i1p1f1/Amon/tas/gr/files/d20190119/tas_Amon_IPSL-CM6A-LR_ssp245_r1i1p1f1_gr_201501-210012.nc
